Honoré,honore@gmail.com,20,Canada,1,secret123
Pierre,pierre@gmail.com,17,France,2,passer123
Honoré,mercuryseries@gmail.com,20,Canada,1,secret
Alain,alain@gmail.com,21,France,2,passer123
Momo,momo@gmail.com,22,Canada,2,passer123
"Salif, Coulibaly",salif@gmail.com,21,Mali,1,secret123
Noémie,noemie@gmail.com,22,France,2,passer123
Nathan,nathan@gmail.com,21,Portugal,2,secret123
Mamama,mamama@gmail.com,21,Canada,1,secret123
James,james@gmail.com,36,Mali,2,secret123
